Wall time,Step,Value
1766904337.854401,5,17.48310089111328
1766904378.5253189,18,17.40528106689453
1766904396.838954,24,17.075868606567383
1766904443.121566,40,17.540184020996094
1766904448.6893902,42,17.644386291503906
1766904457.1874602,45,17.788450241088867
1766904462.8140821,47,17.869205474853516
1766904479.605877,53,18.150741577148438
1766904487.872983,56,18.305503845214844
1766904530.094949,71,18.858110427856445
1766904538.371167,74,18.975971221923828
1766904552.138881,79,19.078292846679688
1766904574.091157,87,19.263830184936523
1766904593.14497,94,19.420799255371094
1766904615.36313,102,19.64305877685547
1766904623.5674949,105,19.697124481201172
1766904626.294944,106,19.720521926879883
1766904645.534173,113,19.91060447692871
1766904680.8478022,126,20.178205490112305
1766904716.3030798,139,20.381444931030273
1766904746.41628,150,20.509323120117188
1766904760.117627,155,20.611671447753906
1766904768.4805892,158,20.65998077392578
1766904793.7770538,167,20.75920867919922
1766904796.6043258,168,20.753246307373047
1766904824.364398,178,20.837209701538086
1766904838.2332292,183,20.922067642211914
1766904843.7493289,185,20.926313400268555
1766904846.460632,186,20.94493293762207
1766904857.491744,190,21.00336456298828
1766904879.642496,198,21.14057731628418
1766904902.1718762,206,21.257801055908203
1766904904.91596,207,21.269906997680664
1766904918.742003,212,21.357431411743164
1766904950.846934,223,21.509572982788086
1766904968.414023,229,21.5704288482666
1766904982.908833,234,21.63680648803711
1766904991.169119,237,21.703170776367188
1766905026.9293282,249,21.828773498535156
1766905044.1026502,255,21.898578643798828
1766905057.760433,260,21.886981964111328
1766905076.807955,267,21.93170166015625
1766905087.732532,271,21.956703186035156
1766905093.323887,273,21.95831298828125
1766905144.622068,292,22.067155838012695
1766905158.177545,297,22.094722747802734
1766905160.937527,298,22.105670928955078
1766905174.424783,303,22.114578247070312
1766905188.044645,308,22.18041229248047
1766905193.462251,310,22.187721252441406
1766905215.467217,318,22.24279022216797
1766905218.27054,319,22.246522903442383
1766905237.8028731,326,22.260112762451172
1766905249.157839,330,22.303529739379883
1766905274.976578,339,22.3353214263916
1766905297.6809669,347,22.352466583251953
1766905342.3470201,363,22.438814163208008
1766905353.390545,367,22.451828002929688
1766905370.0212522,373,22.455610275268555
1766905381.129167,377,22.452014923095703
1766905386.6951811,379,22.452011108398438
1766905501.470436,421,22.60880470275879
1766905504.211998,422,22.608501434326172
1766905509.727486,424,22.614429473876953
1766905526.367965,430,22.64392852783203
1766905551.0609071,439,22.70998764038086
1766905556.75888,441,22.710227966308594
1766905559.621314,442,22.71331024169922
1766905567.961729,445,22.73571014404297
1766905584.562967,451,22.75936508178711
1766905609.467983,460,22.76897621154785
1766905617.625854,463,22.73508644104004
1766905620.337826,464,22.746322631835938
1766905650.324447,474,22.723060607910156
1766905697.9965172,491,22.728139877319336
1766905703.506874,493,22.75682258605957
1766905742.024999,507,22.81263542175293
1766905755.793738,512,22.839401245117188
1766905761.332206,514,22.865455627441406
1766905769.504849,517,22.864656448364258
1766905791.448159,525,22.891708374023438
1766905808.000947,531,22.89788246154785
1766905813.393644,533,22.902589797973633
1766905821.593471,536,22.917617797851562
1766905838.865401,542,22.91901206970215
1766905852.703111,547,22.928062438964844
1766905880.570132,557,22.97121238708496
1766905897.233948,563,23.01133155822754
1766905913.812887,569,23.0213680267334
1766905924.722923,573,23.033716201782227
1766905941.178901,579,23.056446075439453
1766905946.6361642,581,23.05281639099121
1766905949.4027379,582,23.044172286987305
1766905954.80515,584,23.025489807128906
1766905960.304127,586,23.027658462524414
1766905963.094122,587,23.02544593811035
1766905976.75804,592,23.036439895629883
1766905979.443813,593,23.0414981842041
1766906004.709022,602,23.095367431640625
1766906021.387784,608,23.10378646850586
1766906026.89562,610,23.106403350830078
1766906040.748611,615,23.120790481567383
1766906054.426832,620,23.165672302246094
1766906059.849167,622,23.141130447387695
1766906093.1232882,634,23.085458755493164
1766906112.397483,641,23.0686092376709
1766906115.087073,642,23.06715202331543
1766906120.595289,644,23.060775756835938
1766906126.020145,646,23.076377868652344
1766906128.763068,647,23.0787353515625
1766906134.238664,649,23.069211959838867
1766906167.910315,661,23.096759796142578
1766906175.987228,664,23.09952735900879
1766906187.365539,668,23.08894920349121
1766906195.768898,671,23.100461959838867
1766906204.122834,674,23.09990119934082
1766906215.228323,678,23.11211585998535
1766906217.997362,679,23.11004066467285
1766906228.934804,683,23.11834716796875
1766906242.770551,688,23.14974594116211
1766906273.0511181,699,23.162036895751953
1766906284.098927,703,23.1422119140625
1766906292.219578,706,23.140789031982422
1766906314.051789,714,23.148908615112305
1766906325.033921,718,23.15060043334961
1766906333.401576,721,23.168790817260742
1766906336.233593,722,23.174612045288086
1766906339.0610461,723,23.175365447998047
1766906358.94803,730,23.180099487304688
1766906376.546546,736,23.165464401245117
1766906382.4944499,738,23.14558982849121
1766906385.490465,739,23.13901710510254
1766906397.4338229,743,23.152545928955078
1766906409.4343581,747,23.15438461303711
1766906421.331084,751,23.171581268310547
1766906424.307244,752,23.17425537109375
1766906436.387197,756,23.164779663085938
1766906463.428159,765,23.137571334838867
1766906474.859754,769,23.149423599243164
1766906477.6873322,770,23.15999984741211
1766906480.463304,771,23.177122116088867
1766906486.025423,773,23.185049057006836
1766906488.810879,774,23.1795654296875
1766906505.274312,780,23.167842864990234
1766906516.483306,784,23.18787384033203
1766906519.3767822,785,23.191593170166016
1766906525.027752,787,23.190452575683594
1766906530.5024939,789,23.193933486938477
1766906538.6486201,792,23.18562126159668
1766906541.3771362,793,23.188121795654297
1766906544.1143959,794,23.17949867248535
1766906546.8775392,795,23.18475341796875
1766906555.111109,798,23.20384407043457
1766906566.235169,802,23.215354919433594
1766906580.014709,807,23.20627212524414
1766906582.883608,808,23.201417922973633
1766906585.6046772,809,23.20844268798828
1766906602.836433,815,23.21354103088379
1766906652.115503,832,23.154565811157227
1766906663.115029,836,23.167295455932617
1766906668.91353,838,23.176616668701172
1766906682.975511,843,23.186906814575195
1766906795.580357,867,23.288253784179688
1766906801.520328,869,23.281953811645508
1766906816.672079,874,23.287090301513672
1766906822.78118,876,23.302658081054688
1766906834.730932,880,23.31705093383789
1766906840.5575922,882,23.312410354614258
1766906864.357218,890,23.30000877380371
1766906882.8653991,896,23.260190963745117
1766906894.879034,900,23.263500213623047
1766906915.92308,907,23.27667236328125
1766906921.7482932,909,23.278467178344727
1766906957.535058,915,23.2764949798584
1766906963.4672189,917,23.25657844543457
1766906972.453002,920,23.24570655822754
1766906981.289601,923,23.229785919189453
1766907005.116123,931,23.269702911376953
1766907008.1747,932,23.270809173583984
1766907017.774403,935,23.27701187133789
1766907039.003407,942,23.288206100463867
1766907048.2967958,945,23.285295486450195
1766907075.499306,954,23.292518615722656
1766907087.179469,958,23.287952423095703
1766907095.8975182,961,23.283931732177734
1766907098.736314,962,23.284915924072266
1766907124.9756281,971,23.28748893737793
1766907127.915006,972,23.289182662963867
1766907139.804814,976,23.282556533813477
1766907145.8825011,978,23.285327911376953
1766907148.923195,979,23.291501998901367
1766907160.824733,983,23.30514907836914
1766907163.803743,984,23.304351806640625
1766907172.684648,987,23.31524658203125
1766907175.5632808,988,23.312631607055664
1766907199.767411,996,23.34309196472168
1766907211.21042,1000,23.35067367553711
1766907217.3878112,1002,23.35712242126465
1766907223.477474,1004,23.353164672851562
1766907226.434992,1005,23.35724639892578
1766907253.155888,1014,23.371877670288086
1766907262.0142121,1017,23.356998443603516
1766907285.788346,1025,23.36339569091797
1766907291.735608,1027,23.357694625854492
1766907306.82949,1032,23.34722900390625
1766907321.751018,1037,23.35654067993164
1766907342.446522,1044,23.369935989379883
1766907380.6646452,1057,23.387516021728516
1766907398.614919,1063,23.369245529174805
1766907407.7992802,1066,23.364994049072266
1766907413.706495,1068,23.363624572753906
1766907426.231036,1072,23.36193084716797
1766907438.7584152,1076,23.371353149414062
1766907444.960688,1078,23.37464714050293
1766907461.312191,1083,23.36173439025879
1766907464.611609,1084,23.35732078552246
1766907467.877571,1085,23.35630226135254
1766907493.2538419,1093,23.377878189086914
1766907511.811507,1099,23.398815155029297
1766907523.840391,1103,23.426286697387695
1766907526.9352288,1104,23.42369842529297
1766907529.919808,1105,23.422183990478516
1766907556.8227232,1114,23.38175392150879
1766907571.5664399,1119,23.395584106445312
1766907612.9250848,1133,23.3757266998291
1766907618.794635,1135,23.385536193847656
1766907678.325521,1155,23.443479537963867
1766907681.279872,1156,23.44658660888672
1766907693.312663,1160,23.45756721496582
1766907696.286976,1161,23.45966911315918
1766907699.3118248,1162,23.46126365661621
1766907754.8737652,1180,23.44282341003418
1766907769.5988858,1185,23.463911056518555
1766907790.704777,1192,23.478498458862305
1766907793.685251,1193,23.479028701782227
1766907811.545398,1199,23.45981788635254
1766907817.455907,1201,23.462461471557617
1766907833.3815958,1206,23.509414672851562
1766907839.508838,1208,23.537391662597656
1766907915.2671711,1232,23.53997230529785
1766907921.474773,1234,23.53408432006836
1766907927.552166,1236,23.54450798034668
1766907950.816405,1244,23.531871795654297
1766907960.0439522,1247,23.54190444946289
1766907983.552377,1255,23.551733016967773
1766907991.905678,1258,23.5406551361084
1766908000.378479,1261,23.527809143066406
1766908038.868129,1274,23.546106338500977
1766908059.1859908,1281,23.543397903442383
1766908076.4608798,1287,23.527027130126953
1766908093.908443,1293,23.529680252075195
1766908096.7540412,1294,23.535268783569336
1766908114.2415528,1300,23.54841423034668
1766908143.6706991,1310,23.52639389038086
1766908158.629923,1315,23.53521728515625
1766908161.558265,1316,23.538236618041992
1766908170.3309388,1319,23.53780746459961
1766908188.2046878,1325,23.53434181213379
1766908194.034695,1327,23.531009674072266
1766908202.792705,1330,23.52031707763672
1766908211.7168798,1333,23.50300407409668
1766908220.569118,1336,23.495180130004883
1766908223.461972,1337,23.491275787353516
1766908276.283467,1355,23.495494842529297
1766908321.109868,1370,23.464157104492188
1766908366.1386838,1385,23.476526260375977
1766908375.3563678,1388,23.48855972290039
1766908378.627796,1389,23.482152938842773
1766908384.6532748,1391,23.46635627746582
1766908387.670974,1392,23.463703155517578
1766908450.16204,1413,23.50472068786621
1766908453.174967,1414,23.510957717895508
1766908467.718557,1419,23.511903762817383
1766908476.743239,1422,23.506803512573242
1766908488.5816479,1426,23.53997802734375
1766908494.376798,1428,23.538135528564453
1766908506.102447,1432,23.55290412902832
1766908517.8585842,1436,23.56498908996582
1766908530.105868,1440,23.577362060546875
1766908604.5923882,1465,23.571292877197266
1766908607.682053,1466,23.56298065185547
1766908640.894583,1477,23.517715454101562
1766908664.849621,1485,23.5283145904541
1766908667.745334,1486,23.535037994384766
1766908676.534323,1489,23.55023956298828
1766908682.460879,1491,23.552257537841797
1766908685.423269,1492,23.54783058166504
1766908712.343746,1501,23.56331443786621
1766908732.834868,1508,23.54964256286621
1766908778.464671,1523,23.521833419799805
1766908781.3283992,1524,23.516950607299805
1766908790.623233,1527,23.502246856689453
1766908846.908437,1546,23.493213653564453
1766908861.905584,1551,23.511720657348633
1766908864.9139981,1552,23.511518478393555
1766908870.7805,1554,23.513198852539062
1766908891.399332,1561,23.52669334411621
1766908911.879693,1568,23.54788589477539
1766908914.805631,1569,23.55862808227539
1766908941.700095,1578,23.56826400756836
1766908953.408057,1582,23.568910598754883
1766908959.2233589,1584,23.55622100830078
1766908970.7142668,1588,23.592451095581055
1766908997.1439009,1597,23.56869888305664
1766909017.976783,1604,23.57422637939453
1766909021.1438122,1605,23.577428817749023
1766909036.203277,1610,23.57098388671875
1766909060.4731772,1618,23.59739112854004
1766909086.443527,1627,23.649442672729492
1766909089.2877738,1628,23.65068817138672
1766909100.434856,1632,23.666669845581055
1766909114.20702,1637,23.641311645507812
1766909122.4122539,1640,23.621761322021484
1766909128.065633,1642,23.61391830444336
1766909136.446383,1645,23.63079071044922
1766909145.106045,1648,23.638891220092773
1766909157.8764422,1652,23.648704528808594
1766909181.3766882,1660,23.64305877685547
1766909204.684649,1668,23.60910415649414
1766909216.301638,1672,23.58681297302246
1766909225.0542452,1675,23.58323097229004
1766909227.972159,1676,23.579917907714844
1766909245.437505,1682,23.592235565185547
1766909248.3456771,1683,23.5850830078125
1766909271.391048,1691,23.589197158813477
1766909282.840472,1695,23.591487884521484
1766909285.755049,1696,23.59077262878418
1766909288.6197062,1697,23.599279403686523
1766909294.415659,1699,23.596389770507812
1766909302.9472141,1702,23.61078453063965
1766909323.402853,1709,23.640459060668945
1766909326.279777,1710,23.650190353393555
1766909349.7637818,1718,23.66744041442871
1766909352.664751,1719,23.66620445251465
1766909379.1903858,1728,23.67066764831543
1766909391.349031,1732,23.647937774658203
1766909397.260833,1734,23.642969131469727
1766909406.0634,1737,23.65445327758789
1766909420.9841652,1742,23.707590103149414
1766909423.8898828,1743,23.711833953857422
1766909429.975136,1745,23.704071044921875
1766909432.950031,1746,23.71324348449707
1766909436.056903,1747,23.715316772460938
1766909451.306008,1752,23.704471588134766
1766909493.305465,1766,23.69428062438965
1766909520.633177,1775,23.721158981323242
1766909538.877474,1781,23.728879928588867
1766909560.176532,1788,23.7294864654541
1766909563.087842,1789,23.72883415222168
1766909590.3499599,1798,23.712270736694336
1766909611.9433951,1805,23.7172794342041
1766909639.170608,1814,23.727869033813477
1766909648.61627,1817,23.730363845825195
1766909670.626046,1824,23.72650146484375
1766909676.839057,1826,23.721616744995117
1766909689.1858501,1830,23.704679489135742
1766909720.285621,1840,23.70254898071289
1766909723.367201,1841,23.698619842529297
1766909732.711413,1844,23.71629524230957
1766909748.251573,1849,23.68213653564453
1766909760.690739,1853,23.677961349487305
1766909800.92738,1866,23.692642211914062
1766909807.210349,1868,23.692916870117188
1766909810.341511,1869,23.704103469848633
1766909828.547925,1875,23.681381225585938
1766909831.518611,1876,23.685184478759766
1766909834.5126889,1877,23.69361114501953
1766909840.308513,1879,23.69131851196289
1766909882.1526709,1893,23.686189651489258
1766909936.020158,1911,23.66410255432129
1766909953.809579,1917,23.6927433013916
1766909974.4016929,1924,23.697792053222656
1766909992.3571332,1930,23.713531494140625
1766910004.121523,1934,23.716115951538086
1766910010.180825,1936,23.716739654541016
1766910016.073199,1938,23.706695556640625
1766910033.9388852,1944,23.70745086669922
1766910042.944451,1947,23.71111297607422
1766910048.755357,1949,23.708118438720703
1766910057.5859041,1952,23.685522079467773
1766910066.2604532,1955,23.691179275512695
1766910075.013319,1958,23.676469802856445
1766910101.61828,1967,23.68466567993164
1766910107.466084,1969,23.693265914916992
1766910142.56597,1981,23.65897560119629
1766910145.617161,1982,23.656660079956055
1766910148.750357,1983,23.660043716430664
1766910183.541353,1997,23.69837188720703
1766910193.5859468,2001,23.692014694213867
1766910203.5083892,2005,23.682456970214844
1766910214.328222,2009,23.69310760498047
1766910216.7471092,2010,23.6955623626709
1766910224.042788,2013,23.717487335205078
1766910228.938076,2015,23.714616775512695
1766910233.805273,2017,23.719667434692383
1766910253.586632,2025,23.711326599121094
1766910258.485099,2027,23.718610763549805
1766910266.025377,2030,23.713825225830078
1766910273.299347,2033,23.71341323852539
1766910280.5654242,2036,23.714345932006836
1766910285.508489,2038,23.72494125366211
1766910293.419819,2041,23.706907272338867
1766910300.94817,2044,23.72660255432129
1766910340.890558,2060,23.799724578857422
1766910358.27653,2067,23.812515258789062
1766910370.582774,2072,23.795442581176758
1766910373.057312,2073,23.78866958618164
1766910375.4967308,2074,23.785974502563477
1766910380.396432,2076,23.800390243530273
1766910382.84954,2077,23.80074119567871
1766910387.686542,2079,23.800691604614258
1766910392.606838,2081,23.80045509338379
1766910402.556584,2085,23.798357009887695
1766910412.537923,2089,23.7961368560791
1766910425.380464,2094,23.802122116088867
1766910430.3114932,2096,23.798643112182617
1766910447.7063,2103,23.76365089416504
1766910452.672384,2105,23.755014419555664
1766910455.0800278,2106,23.751102447509766
1766910467.501806,2111,23.72089195251465
1766910477.2936661,2115,23.703222274780273
1766910489.706742,2120,23.693649291992188
1766910494.682485,2122,23.7073917388916
1766910497.238026,2123,23.709854125976562
1766910522.8868248,2133,23.719350814819336
1766910525.34483,2134,23.731088638305664
1766910535.1259708,2138,23.750051498413086
1766910542.949055,2141,23.742229461669922
1766910550.6756082,2144,23.74728775024414
1766910553.168256,2145,23.74565887451172
1766910560.617543,2148,23.738080978393555
1766910563.066421,2149,23.74540138244629
1766910567.990196,2151,23.751779556274414
1766910580.3575191,2156,23.77730941772461
1766910582.814144,2157,23.777069091796875
1766910600.375287,2164,23.765249252319336
1766910602.840731,2165,23.755958557128906
1766910612.684685,2169,23.765090942382812
1766910617.721569,2171,23.767606735229492
1766910622.601109,2173,23.770299911499023
1766910632.330135,2177,23.792573928833008
1766910656.746398,2187,23.795480728149414
1766910661.6186,2189,23.79372215270996
1766910666.491461,2191,23.794021606445312
1766910669.403719,2192,23.788082122802734
1766910679.130336,2196,23.763160705566406
1766910686.3954508,2199,23.77142333984375
1766910705.924282,2207,23.793212890625
1766910715.714717,2211,23.77956199645996
1766910750.228406,2225,23.820140838623047
1766910761.3553002,2229,23.823028564453125
1766910767.026887,2231,23.833450317382812
1766910780.9664168,2236,23.839876174926758
1766910783.81103,2237,23.832626342773438
1766910789.422783,2239,23.82289695739746
1766910795.093662,2241,23.813663482666016
1766910797.9602802,2242,23.810325622558594
1766910803.6484191,2244,23.80294418334961
1766910809.368198,2246,23.805557250976562
1766910812.150342,2247,23.80329132080078
1766910830.347981,2254,23.74580955505371
1766910837.917759,2257,23.747787475585938
1766910850.21195,2262,23.77288818359375
1766910884.509852,2274,23.72303009033203
1766910895.751253,2278,23.73825454711914
1766910904.226762,2281,23.708213806152344
1766910928.861119,2291,23.73048210144043
1766910943.342418,2297,23.779478073120117
1766910945.779286,2298,23.778160095214844
1766910950.620609,2300,23.780046463012695
1766910958.241908,2303,23.79770851135254
1766910965.854325,2306,23.801340103149414
1766910968.390303,2307,23.793859481811523
1766910970.915612,2308,23.790067672729492
1766910995.992976,2318,23.81752586364746
1766910998.448748,2319,23.81562042236328
1766911001.062203,2320,23.819252014160156
1766911006.056256,2322,23.806961059570312
1766911036.932116,2334,23.80716896057129
1766911039.379197,2335,23.810894012451172
1766911041.779426,2336,23.804523468017578
1766911044.249708,2337,23.804431915283203
1766911064.44623,2345,23.823246002197266
1766911086.302578,2354,23.823453903198242
1766911127.5392609,2371,23.804019927978516
1766911161.6344142,2385,23.80625343322754
1766911171.446769,2389,23.810848236083984
1766911173.9063349,2390,23.81460189819336
1766911178.789248,2392,23.8171329498291
1766911198.288961,2400,23.831745147705078
1766911203.2250319,2402,23.858293533325195
1766911213.010017,2406,23.868555068969727
1766911237.374763,2416,23.863969802856445
1766911256.9474041,2424,23.88483238220215
1766911259.388413,2425,23.882997512817383
1766911286.276899,2436,23.859643936157227
1766911305.698206,2444,23.837862014770508
1766911320.380121,2450,23.82720375061035
1766911322.8522,2451,23.823699951171875
1766911327.662406,2453,23.81452751159668
1766911332.5110981,2455,23.809642791748047
1766911344.723278,2460,23.812843322753906
1766911390.246561,2479,23.808900833129883
1766911404.8655748,2485,23.819171905517578
1766911407.302187,2486,23.82799530029297
1766911431.6165729,2496,23.80598258972168
1766911436.6046348,2498,23.80413055419922
1766911443.872519,2501,23.81047248840332
1766911446.326642,2502,23.80817413330078
1766911448.7371619,2503,23.815711975097656
1766911475.561991,2514,23.81407356262207
1766911482.784013,2517,23.800939559936523
1766911497.302782,2523,23.7987060546875
1766911509.502895,2528,23.824134826660156
1766911514.384486,2530,23.82416343688965
1766911519.266419,2532,23.835840225219727
1766911524.1736581,2534,23.834575653076172
1766911545.888373,2543,23.84250831604004
1766911555.544574,2547,23.82164192199707
1766911565.0284832,2551,23.82929801940918
1766911569.797972,2553,23.835914611816406
1766911576.947776,2556,23.839004516601562
1766911598.729056,2565,23.834623336791992
1766911601.11809,2566,23.824268341064453
1766911610.809068,2570,23.830324172973633
1766911625.488259,2576,23.834062576293945
1766911630.3006349,2578,23.81844711303711
1766911658.9108639,2590,23.8315486907959
1766911661.320858,2591,23.827152252197266
1766911663.715384,2592,23.82434844970703
1766911666.09883,2593,23.82219886779785
1766911673.4177432,2596,23.83317756652832
1766911683.0652,2600,23.82152557373047
1766911697.321815,2606,23.82535743713379
1766911699.71747,2607,23.828187942504883
1766911706.861176,2610,23.831119537353516
1766911726.00142,2618,23.805675506591797
1766911738.018828,2623,23.814929962158203
1766911745.1694279,2626,23.80682373046875
1766911752.4295712,2629,23.830835342407227
1766911754.9390578,2630,23.831571578979492
1766911769.728982,2636,23.841455459594727
1766911774.647051,2638,23.840288162231445
1766911789.197422,2644,23.85392951965332
1766911796.34037,2647,23.85051918029785
1766911803.4504561,2650,23.838485717773438
1766911815.687335,2655,23.848562240600586
1766911861.680167,2674,23.896989822387695
1766911871.468639,2678,23.906705856323242
1766911876.288886,2680,23.905492782592773
1766911888.239756,2685,23.899337768554688
1766911900.233829,2690,23.897953033447266
1766911931.680971,2703,23.903575897216797
1766911941.412651,2707,23.908985137939453
1766911948.766284,2710,23.925588607788086
1766911985.5309079,2725,23.938121795654297
1766912012.024492,2736,23.913185119628906
1766912014.422176,2737,23.904552459716797
1766912021.635829,2740,23.899860382080078
1766912036.1374662,2746,23.907447814941406
1766912052.912072,2753,23.886260986328125
1766912055.352312,2754,23.88034439086914
1766912057.812644,2755,23.87448501586914
1766912060.2589362,2756,23.869464874267578
1766912062.714677,2757,23.871017456054688
1766912065.146998,2758,23.87215232849121
1766912085.181369,2766,23.862136840820312
1766912140.710655,2789,23.84317970275879
1766912143.084683,2790,23.836946487426758
1766912145.471246,2791,23.839723587036133
1766912162.1771982,2798,23.825096130371094
1766912188.855523,2809,23.854721069335938
1766912193.6316001,2811,23.846477508544922
1766912222.2919328,2823,23.89535903930664
1766912224.666987,2824,23.897008895874023
1766912231.805582,2827,23.906265258789062
1766912236.590801,2829,23.903831481933594
1766912238.969269,2830,23.90878677368164
1766912243.7393641,2832,23.90278434753418
1766912289.017162,2851,23.864295959472656
1766912301.634485,2856,23.87445831298828
1766912308.986586,2859,23.879817962646484
1766912316.320122,2862,23.895170211791992
1766912338.0969012,2871,23.900278091430664
1766912340.471661,2872,23.896867752075195
1766912354.8080971,2878,23.903514862060547
1766912359.637255,2880,23.91489028930664
1766912362.0187452,2881,23.916053771972656
1766912376.369227,2887,23.901803970336914
1766912383.561882,2890,23.89284896850586
1766912397.845689,2896,23.880090713500977
1766912402.647692,2898,23.880943298339844
1766912407.404872,2900,23.8901309967041
1766912414.661641,2903,23.876333236694336
1766912436.1915898,2912,23.880176544189453
1766912448.121927,2917,23.874479293823242
1766912452.848659,2919,23.88028335571289
1766912455.237618,2920,23.882431030273438
1766912457.658012,2921,23.880203247070312
1766912483.945266,2932,23.839702606201172
1766912507.920191,2942,23.812637329101562
1766912526.996342,2950,23.840335845947266
1766912567.622436,2967,23.880878448486328
1766912584.307818,2974,23.86451530456543
1766912586.693007,2975,23.863208770751953
1766912593.856016,2978,23.850399017333984
1766912617.5869691,2988,23.839515686035156
1766912631.940405,2994,23.850982666015625
1766912641.523886,2998,23.869483947753906
1766912653.383362,3003,23.82497787475586
1766912658.1666582,3005,23.828102111816406
1766912662.95741,3007,23.81092071533203
1766912667.73579,3009,23.801305770874023
1766912672.617273,3011,23.796558380126953
1766912682.154947,3015,23.795011520385742
1766912684.5436091,3016,23.799850463867188
1766912691.720885,3019,23.818679809570312
1766912706.190633,3025,23.847400665283203
1766912710.889886,3027,23.836889266967773
1766912718.21799,3030,23.851598739624023
1766912736.627195,3038,23.874528884887695
1766912741.289024,3040,23.885995864868164
1766912743.635481,3041,23.88616180419922
1766912745.907048,3042,23.893436431884766
1766912764.631309,3050,23.902727127075195
1766912800.2588758,3065,23.907291412353516
1766912805.032188,3067,23.89685821533203
1766912809.839581,3069,23.892436981201172
1766912814.622436,3071,23.88872528076172
1766912819.40362,3073,23.865516662597656
1766912840.844745,3082,23.876951217651367
1766912850.2951,3086,23.87149429321289
1766912884.898765,3099,23.91326904296875
1766912894.405031,3103,23.93109703063965
1766912939.885705,3122,23.90947723388672
1766912975.822062,3137,23.919708251953125
1766912978.197175,3138,23.922971725463867
1766912992.527675,3144,23.89824676513672
1766912994.917567,3145,23.898269653320312
1766912999.69842,3147,23.8972110748291
1766913006.891855,3150,23.899085998535156
1766913018.8608809,3155,23.894750595092773
1766913025.9908092,3158,23.879629135131836
1766913028.363126,3159,23.882709503173828
1766913033.1595242,3161,23.871505737304688
1766913071.53215,3177,23.83612823486328
1766913088.2641401,3184,23.849702835083008
1766913097.883656,3188,23.845821380615234
1766913114.5981288,3195,23.845558166503906
1766913116.9439669,3196,23.839672088623047
1766913133.627507,3203,23.87340545654297
1766913140.9489331,3206,23.875686645507812
1766913198.680438,3230,23.882932662963867
1766913205.8031528,3233,23.872509002685547
1766913222.457933,3240,23.878690719604492
1766913229.591647,3243,23.87990951538086
1766913232.0203872,3244,23.868553161621094
1766913236.820971,3246,23.85501480102539
1766913239.220164,3247,23.852689743041992
1766913255.828774,3254,23.88067626953125
1766913260.606067,3256,23.885066986083984
1766913286.8365061,3267,23.87151527404785
1766913298.8086889,3272,23.869020462036133
1766913320.385302,3281,23.878585815429688
1766913325.134156,3283,23.864551544189453
1766913329.9474618,3285,23.85686683654785
1766913339.5624168,3289,23.843461990356445
1766913346.713548,3292,23.8275089263916
1766913377.685023,3305,23.83417320251465
1766913380.0735402,3306,23.840688705444336
1766913382.477101,3307,23.843393325805664
1766913396.73339,3313,23.856679916381836
1766913415.792614,3321,23.83654022216797
1766913430.153499,3327,23.848169326782227
1766913432.528172,3328,23.85066795349121
1766913434.907722,3329,23.847116470336914
1766913444.4518971,3333,23.83819007873535
1766913456.382497,3338,23.84827995300293
1766913473.124128,3345,23.860347747802734
1766913492.234238,3353,23.877471923828125
1766913501.7991948,3357,23.88715171813965
1766913511.33638,3361,23.922868728637695
1766913516.10712,3363,23.917011260986328
1766913530.493255,3369,23.921171188354492
1766913537.6742852,3372,23.911104202270508
1766913542.418815,3374,23.921035766601562
1766913547.2193248,3376,23.923023223876953
1766913551.9924579,3378,23.92061996459961
1766913559.18688,3381,23.919340133666992
1766913571.115583,3386,23.932876586914062
1766913599.835388,3398,23.9169864654541
1766913611.762229,3403,23.92962074279785
1766913623.738049,3408,23.93679428100586
1766913667.036684,3426,23.96931266784668
1766913676.546824,3430,23.96135139465332
1766913683.727701,3433,23.96656608581543
1766913695.672456,3438,23.972335815429688
1766913712.3880801,3445,23.94859504699707
1766913721.924424,3449,23.980249404907227
1766913726.7058282,3451,23.980714797973633
1766913741.062492,3457,23.96138572692871
1766913743.494344,3458,23.95993423461914
1766913758.013234,3464,23.94143295288086
1766913774.773816,3471,23.974308013916016
1766913789.1085062,3477,23.967174530029297
1766913796.2820659,3480,23.96728515625
1766913810.5788229,3486,23.970531463623047
1766913836.909556,3497,23.974227905273438
1766913841.668264,3499,23.978309631347656
1766913858.344296,3506,23.92556381225586
1766913865.547094,3509,23.92751121520996
1766913872.7150269,3512,23.93686294555664
1766913877.4571362,3514,23.948360443115234
1766913889.382624,3519,23.955585479736328
1766913927.532563,3535,23.9325008392334
1766913932.3010979,3537,23.93470573425293
1766913934.7025568,3538,23.94033432006836
1766913944.308691,3542,23.9366455078125
1766913946.6843798,3543,23.936290740966797
1766913956.3346088,3547,23.941268920898438
1766913961.137832,3549,23.936986923217773
1766913975.348875,3555,23.93409538269043
1766913977.724782,3556,23.93642234802246
1766913994.301582,3563,23.968570709228516
1766914023.033619,3575,23.988279342651367
1766914034.9847722,3580,23.996660232543945
1766914042.1656718,3583,24.000194549560547
1766914063.6795678,3592,23.983684539794922
1766914066.053922,3593,23.986724853515625
1766914080.403123,3599,24.002819061279297
1766914082.779744,3600,24.004711151123047
1766914116.256716,3614,24.00559425354004
1766914125.809463,3618,23.99647331237793
1766914130.663632,3620,23.9896240234375
1766914135.45261,3622,23.996850967407227
1766914142.633395,3625,23.988590240478516
1766914149.810603,3628,24.001708984375
1766914171.2869189,3637,24.010433197021484
1766914185.6390898,3643,24.014955520629883
1766914190.358954,3645,24.022144317626953
1766914216.647747,3656,24.039413452148438
1766914219.014467,3657,24.035078048706055
1766914233.322196,3663,24.0197811126709
1766914250.063004,3670,24.022443771362305
1766914308.027064,3694,24.02754020690918
1766914315.140181,3697,24.002410888671875
1766914322.26496,3700,24.00336265563965
1766914327.0544279,3702,24.00838279724121
1766914377.2035258,3723,24.003952026367188
1766914384.4081202,3726,23.998523712158203
1766914393.974422,3730,24.024641036987305
1766914396.377435,3731,24.02784538269043
1766914398.741367,3732,24.031051635742188
1766914413.071396,3738,24.02932357788086
1766914420.20914,3741,24.011276245117188
1766914424.997065,3743,23.99561309814453
1766914446.632608,3752,23.993480682373047
1766914456.15597,3756,23.999269485473633
1766914463.284608,3759,24.030920028686523
1766914475.0872588,3764,24.01579475402832
1766914494.2684832,3772,24.011531829833984
1766914503.838919,3776,24.006122589111328
1766914508.607635,3778,24.015350341796875
1766914513.4072099,3780,24.012136459350586
1766914544.7359319,3793,24.0297794342041
1766914549.377738,3795,24.03651237487793
1766914556.384143,3798,24.048728942871094
1766914585.0345888,3810,24.026065826416016
1766914594.518035,3814,24.02692222595215
1766914606.413905,3819,24.018770217895508
1766914611.22366,3821,24.032833099365234
1766914635.008696,3831,24.007184982299805
1766914639.797817,3833,24.013530731201172
1766914644.5335722,3835,24.01789093017578
1766914675.6193511,3848,24.00856590270996
1766914690.0659142,3854,24.004655838012695
1766914714.096056,3864,23.982179641723633
1766914726.02144,3869,24.00177001953125
1766914742.79171,3876,23.999235153198242
1766914749.948514,3879,23.993974685668945
1766914754.7006478,3881,24.00585174560547
1766914802.6204312,3901,24.032419204711914
1766914805.007248,3902,24.02884864807129
1766914807.392041,3903,24.03045654296875
1766914819.39823,3908,24.01702308654785
1766914824.2123039,3910,24.022876739501953
1766914838.616624,3916,23.989879608154297
1766914848.2158349,3920,23.984989166259766
1766914867.30779,3928,23.975690841674805
1766914869.6862779,3929,23.9749813079834
1766914881.6270678,3934,23.979877471923828
1766914884.034427,3935,23.979564666748047
1766914893.586705,3939,23.98058319091797
1766914919.9193878,3950,23.987407684326172
1766914934.310472,3956,23.990934371948242
1766914948.6579268,3962,23.995512008666992
1766914955.831711,3965,23.98386001586914
1766914982.090655,3976,24.021278381347656
1766914991.6830258,3980,24.035804748535156
1766915001.42172,3984,24.02094841003418
1766915018.193387,3991,24.010147094726562
1766915027.7685199,3995,24.011987686157227
1766915039.911385,4000,24.0262451171875
1766915051.948724,4005,24.040578842163086
1766915061.557029,4009,24.039695739746094
1766915063.9670908,4010,24.038663864135742
1766915068.751143,4012,24.047834396362305
1766915090.290715,4021,24.052757263183594
1766915092.6701682,4022,24.050804138183594
1766915118.9611819,4033,24.03595542907715
1766915123.736087,4035,24.023906707763672
1766915126.1265862,4036,24.025043487548828
1766915142.880084,4043,24.006065368652344
1766915147.6067672,4045,24.016338348388672
1766915149.9988039,4046,24.021804809570312
1766915152.4033139,4047,24.023317337036133
1766915154.806289,4048,24.020687103271484
1766915164.336076,4052,24.01036834716797
1766915169.140553,4054,24.01439666748047
1766915221.34895,4076,24.021366119384766
1766915228.2986891,4079,24.006874084472656
1766915261.374215,4093,24.003576278686523
1766915273.278049,4098,24.003190994262695
1766915275.687711,4099,24.002389907836914
1766915280.463351,4101,24.01113510131836
1766915299.511482,4109,23.991043090820312
1766915311.402783,4114,23.973806381225586
1766915328.046865,4121,23.982418060302734
1766915394.293155,4149,23.994836807250977
1766915410.868244,4156,23.992002487182617
1766915436.869209,4167,24.010181427001953
1766915448.762538,4172,24.00466537475586
1766915470.2675579,4181,24.04454231262207
1766915472.655155,4182,24.043758392333984
1766915496.427181,4192,24.029943466186523
1766915498.775197,4193,24.031991958618164
1766915501.1549618,4194,24.03059959411621
1766915505.8944519,4196,24.032489776611328
1766915510.65251,4198,24.033109664916992
1766915515.425729,4200,24.02533721923828
1766915517.8534489,4201,24.02172088623047
1766915520.228277,4202,24.013940811157227
1766915525.0071528,4204,24.00169563293457
1766915567.891253,4222,24.025203704833984
1766915579.835208,4227,24.039165496826172
1766915591.792736,4232,24.074073791503906
1766915598.9542458,4235,24.07548713684082
1766915606.1039412,4238,24.056825637817383
1766915618.0220459,4243,24.041183471679688
1766915644.438716,4254,24.04317855834961
1766915665.969035,4263,24.016447067260742
1766915673.1245382,4266,24.021738052368164
1766915675.508476,4267,24.02460289001465
1766915696.9234319,4276,24.047805786132812
1766915711.2230809,4282,24.02548599243164
1766915746.939021,4297,24.017459869384766
1766915749.331257,4298,24.017688751220703
1766915763.641881,4304,24.014850616455078
1766915773.1707761,4308,24.008058547973633
1766915780.302706,4311,24.009628295898438
1766915794.577066,4317,24.015668869018555
1766915799.3291981,4319,24.02791976928711
1766915820.775347,4328,24.013723373413086
1766915830.2312162,4332,24.004697799682617
1766915844.5412521,4338,23.989309310913086
1766915856.494922,4343,23.977069854736328
1766915870.885091,4349,23.990623474121094
1766915880.505003,4353,23.976882934570312
1766915892.437554,4358,24.011934280395508
1766915909.198664,4365,24.009286880493164
1766915918.7223191,4369,23.99643325805664
1766915940.097963,4378,24.004980087280273
1766915947.25688,4381,24.009605407714844
1766915975.902844,4393,24.045705795288086
1766915992.6505501,4400,24.037933349609375
1766915999.810004,4403,24.03928565979004
1766916004.556897,4405,24.054285049438477
1766916006.95222,4406,24.06201171875
1766916016.400367,4410,24.069839477539062
1766916018.817991,4411,24.066593170166016
1766916021.1860201,4412,24.062326431274414
1766916049.7618492,4424,24.03725814819336
1766916064.0994382,4430,24.032381057739258
1766916066.472974,4431,24.038475036621094
1766916071.240452,4433,24.045223236083984
1766916083.19568,4438,24.044809341430664
1766916085.561961,4439,24.046627044677734
1766916092.7829802,4442,24.07417869567871
1766916107.113454,4448,24.077899932861328
1766916116.649191,4452,24.083463668823242
1766916133.144526,4459,24.092761993408203
1766916156.838797,4469,24.1177921295166
1766916171.138332,4475,24.088342666625977
1766916180.6742458,4479,24.07787322998047
1766916187.836546,4482,24.075607299804688
1766916206.983663,4490,24.09005355834961
1766916211.734401,4492,24.092981338500977
1766916242.847738,4505,24.086687088012695
1766916252.362624,4509,24.077983856201172
1766916254.771654,4510,24.08211898803711
1766916300.165708,4529,24.047924041748047
1766916302.557872,4530,24.04397964477539
1766916309.700257,4533,24.04599380493164
1766916326.467045,4540,24.037647247314453
1766916331.2642071,4542,24.043193817138672
1766916350.342557,4550,24.048749923706055
1766916355.091119,4552,24.056434631347656
1766916357.474527,4553,24.056079864501953
1766916388.3514082,4566,24.035724639892578
1766916393.101109,4568,24.034772872924805
1766916395.474016,4569,24.035322189331055
1766916416.830432,4578,24.02940559387207
1766916423.9727318,4581,24.038114547729492
1766916428.729805,4583,24.03822135925293
1766916450.1720479,4592,24.03989601135254
1766916457.351716,4595,24.058252334594727
1766916462.105974,4597,24.0440731048584
1766916466.8499599,4599,24.037586212158203
1766916495.568966,4611,24.018417358398438
1766916536.224093,4628,23.994831085205078
1766916548.151246,4633,23.982494354248047
1766916572.0388942,4643,23.963829040527344
1766916586.353583,4649,23.979341506958008
1766916603.044343,4656,24.014158248901367
1766916617.349511,4662,24.019811630249023
1766916622.1007712,4664,24.019058227539062
1766916631.5962749,4668,24.043203353881836
1766916649.166761,4675,24.08997917175293
1766916651.549369,4676,24.090158462524414
1766916653.911774,4677,24.08952522277832
1766916677.6318269,4687,24.141122817993164
1766916715.6714828,4703,24.106639862060547
1766916727.687948,4708,24.100914001464844
1766916739.600617,4713,24.096364974975586
1766916751.5185971,4718,24.079246520996094
1766916753.886742,4719,24.074186325073242
1766916758.625501,4721,24.082469940185547
1766916765.70273,4724,24.094932556152344
1766916789.411851,4734,24.069692611694336
1766916798.892948,4738,24.068614959716797
1766916801.2738612,4739,24.079803466796875
1766916815.5344262,4745,24.08107566833496
1766916825.0735948,4749,24.081214904785156
1766916827.493079,4750,24.07973289489746
1766916846.7478201,4758,24.05211639404297
1766916853.961281,4761,24.052276611328125
1766916856.346102,4762,24.052762985229492
1766916861.113229,4764,24.054176330566406
1766916868.2914088,4767,24.067123413085938
1766916870.6774569,4768,24.059236526489258
1766916873.060461,4769,24.0504150390625
1766916875.4558358,4770,24.05182647705078
1766916885.164174,4774,24.086406707763672
1766916889.937962,4776,24.083425521850586
1766916897.165707,4779,24.080415725708008
1766916899.546049,4780,24.07745933532715
1766916901.94401,4781,24.07221031188965
1766916904.324106,4782,24.071741104125977
1766916909.106883,4784,24.05950927734375
1766916916.362365,4787,24.04357147216797
1766916918.784492,4788,24.04300880432129
1766916933.188473,4794,24.027223587036133
1766916947.5172899,4800,24.026220321655273
1766916952.303458,4802,24.02088165283203
1766916959.519918,4805,24.042272567749023
1766916988.135385,4817,24.030874252319336
1766917007.190135,4825,24.014299392700195
1766917009.588675,4826,24.009180068969727
1766917011.9608,4827,24.003225326538086
1766917026.301536,4833,24.008726119995117
1766917042.998385,4840,24.012449264526367
1766917054.947098,4845,24.017406463623047
1766917071.676542,4852,24.05317497253418
1766917081.2237802,4856,24.05441665649414
1766917102.76949,4865,24.0271053314209
1766917117.061634,4871,24.019466400146484
1766917121.843509,4873,24.023609161376953
1766917129.0325701,4876,24.033966064453125
1766917145.730251,4883,24.040538787841797
1766917159.9687328,4889,24.03561019897461
1766917167.129174,4892,24.027427673339844
1766917171.949482,4894,24.01289176940918
1766917174.3386729,4895,24.00947380065918
1766917195.810094,4904,24.017438888549805
1766917219.727894,4914,23.98611831665039
1766917222.104498,4915,23.985111236572266
1766917241.186684,4923,23.989646911621094
1766917269.868732,4935,24.008087158203125
1766917277.037305,4938,24.031768798828125
1766917284.202555,4941,24.055288314819336
1766917315.30085,4954,24.044191360473633
1766917334.392818,4962,24.026418685913086
1766917353.448504,4970,24.037355422973633
1766917355.814315,4971,24.037330627441406
1766917362.90388,4974,24.030412673950195
1766917367.736894,4976,24.0418701171875
1766917370.1720052,4977,24.04983139038086
1766917403.982186,4991,24.034578323364258
1766917418.50075,4997,24.046009063720703
1766917423.3492181,4999,24.052988052368164
